predictor,predictor_label,outcome,outcome_label,dimension,aic,bic,aicc,llf,coef,se,p_value,r2_marginal,r2_conditional,n,converged,best_structure,aic_micro,aic_crossed,aic_nested,delta_aic,aic_weight
fire_risk_index,Riesgo Fuego,UAI_housing,UAI Vivienda,Riesgo Climatico,4798.017412522851,4815.894413790034,4798.079912522851,-2395.0087062614257,3.3357356646971934,0.4563287541926217,2.672623458518066e-13,0.16051299670805863,0.40082248012388205,645,True,micro_only,4798.017412522851,4800.017412522851,4800.017412522851,0.0,0.886182026123541
idx_clima,Clima (idx),UAI_housing,UAI Vivienda,Riesgo Climatico,4802.122411704306,4819.999412971489,4802.184911704306,-2397.061205852153,3.0759208021270923,0.43136371832564924,9.98672672443192e-13,0.14034926950170895,0.22055760249597092,645,True,micro_only,4802.122411704306,4804.122411704306,4804.122411704306,4.104999181454332,0.11379775408543158
flooding_risks,Riesgo Inundacion,UAI_housing,UAI Vivienda,Riesgo Climatico,4819.417090378976,4837.294091646159,4819.479590378976,-2405.708545189488,2.5111356998377357,0.443811055642242,1.530411451479726e-08,0.12091364837443619,0.21909410475895263,645,True,micro_only,4819.417090378976,4821.417090378976,4821.417090378978,21.39967785612498,1.9982137061095772e-05
hydric_stress_risk,Estres Hidrico,UAI_housing,UAI Vivienda,Riesgo Climatico,4828.2806470059295,4846.1576482731125,4828.3431470059295,-2410.1403235029647,1.93504384025895,0.41470697858114414,3.0704378085273926e-06,0.11611462735974211,0.2541952106995719,645,True,micro_only,4828.2806470059295,4830.2806470059295,4830.280647005928,30.263234483078122,2.3765396640231794e-07
flooding_risks,Riesgo Inundacion,UAI_env,UAI Ambiental,Riesgo Climatico,3303.978064696279,3321.855065963462,3304.040564696279,-1647.9890323481395,0.38611802057113226,0.1289228677524734,0.002744864978002271,0.03221871615717071,0.07890060589348742,645,True,micro_only,3303.978064696279,3305.978064696279,3305.978064696279,0.0,0.4625996295787484
idx_clima,Clima (idx),UAI_env,UAI Ambiental,Riesgo Climatico,3304.8940553601533,3322.7710566273363,3304.9565553601533,-1648.4470276800766,0.3653304761413116,0.12863508453088032,0.0045106018782201125,0.02975336691516012,0.07174082758273856,645,True,micro_only,3304.8940553601533,3306.8940553601533,3306.8940553601533,0.9159906638742541,0.2926175941386374
fire_risk_index,Riesgo Fuego,UAI_env,UAI Ambiental,Riesgo Climatico,3305.3131908916357,3323.1901921588187,3305.3756908916357,-1648.6565954458179,0.36289657094297656,0.13336506048004038,0.006506964377124054,0.035443570099859344,0.1032471277373752,645,True,micro_only,3305.3131908916357,3307.3131908916357,3307.3131908916357,1.335126195356679,0.2372937562301345
hydric_stress_risk,Estres Hidrico,UAI_env,UAI Ambiental,Riesgo Climatico,3312.224912684688,3330.101913951871,3312.287412684688,-1652.112456342344,0.09741747169201961,0.12796940845567115,0.4465042145865027,0.02132478238506317,0.07399004269217245,645,True,micro_only,3312.224912684688,3314.224912684688,3314.224912684688,8.246847988409172,0.007489020052479785
fire_risk_index,Riesgo Fuego,UAI_food,UAI Alimentacion,Riesgo Climatico,4280.441328481937,4298.31832974912,4280.503828481937,-2136.2206642409683,0.8136172611827504,0.2830405949422865,0.00404590487827168,0.052794215763454624,0.13664244723868,645,True,micro_only,4280.441328481937,4282.441328481937,4282.441328481937,0.0,0.9252190797100304
idx_clima,Clima (idx),UAI_food,UAI Alimentacion,Riesgo Climatico,4287.278839322776,4305.155840589959,4287.341339322776,-2139.639419661388,-0.3370867866362339,0.2803756372259182,0.2292595311840172,0.03990381244402974,0.1116438292657866,645,True,micro_only,4287.278839322776,4289.278839322776,4289.278839322777,6.837510840839059,0.030303861055755228
flooding_risks,Riesgo Inundacion,UAI_food,UAI Alimentacion,Riesgo Climatico,4287.582408747601,4305.459410014784,4287.644908747601,-2139.7912043738006,-0.3005783516064378,0.2817043668392972,0.28597216905735723,0.04021847887379716,0.11497885888457769,645,True,micro_only,4287.582408747601,4289.582408747601,4289.582408747602,7.141080265664641,0.02603626618969814
hydric_stress_risk,Estres Hidrico,UAI_food,UAI Alimentacion,Riesgo Climatico,4288.272259138823,4306.149260406006,4288.334759138823,-2140.1361295694114,-0.1834906657056418,0.2750853761979863,0.5047518861201147,0.03897835755197763,0.1128173898588908,645,True,micro_only,4288.272259138823,4290.272259138823,4290.272259138823,7.830930656886267,0.01844079304451631
idx_clima,Clima (idx),UAI_mob,UAI Movilidad,Riesgo Climatico,3760.058843961473,3777.935845228656,3760.121343961473,-1876.0294219807365,1.1197825659358565,0.1944021539274436,8.404690554745172e-09,0.12956746697616786,0.22542437857774528,645,True,micro_only,3760.058843961473,3762.058843961473,3762.058843961473,0.0,0.9912262017823684
fire_risk_index,Riesgo Fuego,UAI_mob,UAI Movilidad,Riesgo Climatico,3770.3865991935663,3788.2636004607493,3770.4490991935663,-1881.1932995967832,0.9566561255419218,0.20547771568681394,3.227786528254604e-06,0.13170825402122344,0.3436167405495062,645,True,micro_only,3770.3865991935663,3772.3865991935663,3772.3865991935663,10.327755232093295,0.005669297136981066
hydric_stress_risk,Estres Hidrico,UAI_mob,UAI Movilidad,Riesgo Climatico,3771.971188024312,3789.848189291495,3772.033688024312,-1881.985594012156,0.8196974317097574,0.18232868345949346,6.933721000908417e-06,0.12181944243345447,0.26496160408424924,645,True,micro_only,3771.971188024312,3773.971188024312,3773.971188024312,11.91234406283911,0.0025670842787199463
flooding_risks,Riesgo Inundacion,UAI_mob,UAI Movilidad,Riesgo Climatico,3775.0986921263484,3792.9756933935314,3775.1611921263484,-1883.5493460631742,0.8374224746847306,0.20092083573602368,3.073883842000721e-05,0.11277046684370069,0.22481642383016756,645,True,micro_only,3775.0986921263484,3777.0986921263484,3777.0986921263484,15.039848164875366,0.0005374168019305682
flooding_risks,Riesgo Inundacion,UAI_Crisk,UAI Riesgo Clim.,Riesgo Climatico,3849.3372267999102,3867.2142280670932,3849.3997267999102,-1920.6686133999551,1.033204900524377,0.20095948579747847,2.7275802313186544e-07,0.049240179834892456,0.05877351587551948,645,True,micro_only,3849.3372267999102,3851.3372267999102,3851.3372267999102,0.0,0.8035312594336924
idx_clima,Clima (idx),UAI_Crisk,UAI Riesgo Clim.,Riesgo Climatico,3852.154612903779,3870.031614170962,3852.217112903779,-1922.0773064518894,0.9681259396532507,0.20262554129309937,1.7712949396378057e-06,0.04545614554044982,0.05838362511728368,645,True,micro_only,3852.154612903779,3854.154612903779,3854.154612903779,2.8173861038685573,0.19643332025038707
fire_risk_index,Riesgo Fuego,UAI_Crisk,UAI Riesgo Clim.,Riesgo Climatico,3870.0536941182563,3887.9306953854393,3870.1161941182563,-1931.0268470591282,0.39270659342388703,0.21549576869822312,0.06840338829970424,0.03264776505818292,0.10844235863008247,645,True,micro_only,3870.0536941182563,3872.0536941182563,3872.0536941182554,20.716467318346076,2.549641128443381e-05
hydric_stress_risk,Estres Hidrico,UAI_Crisk,UAI Riesgo Clim.,Riesgo Climatico,3871.940876622164,3889.817877889347,3872.003376622164,-1931.970438311082,0.2396655866998431,0.19587724898834896,0.22112207236734738,0.024656652753908,0.08018210089286343,645,True,micro_only,3871.940876622164,3873.940876622164,3873.940876622164,22.60364982225383,9.923904636109945e-06
fire_risk_index,Riesgo Fuego,idx_gobernanza,Gobernanza (idx 0-1),Riesgo Climatico,1603.4814430407669,1621.3584443079499,1603.5439430407669,-797.7407215203834,0.3149671732072897,0.03877329835550783,4.536723361627165e-16,0.18064226077056908,0.45670089811532016,645,True,micro_only,1603.4814430407669,1605.4814430407669,1605.4814430407678,0.0,0.999786823951585
idx_clima,Clima (idx),idx_gobernanza,Gobernanza (idx 0-1),Riesgo Climatico,1620.3884769001197,1638.2654781673027,1620.4509769001197,-806.1942384500599,0.25898046091254723,0.037354693933523496,4.119795127270862e-12,0.1504466566131871,0.23409981451241907,645,True,micro_only,1620.3884769001197,1622.3884769001197,1622.3884769001197,16.90703385935285,0.00021310402558431213
flooding_risks,Riesgo Inundacion,idx_gobernanza,Gobernanza (idx 0-1),Riesgo Climatico,1636.3897666722696,1654.2667679394526,1636.4522666722696,-814.1948833361348,0.21431216706366032,0.03850827842337402,2.6162208675174234e-08,0.13229777347574878,0.23077362302582033,645,True,micro_only,1636.3897666722696,1638.3897666722696,1638.3897666722696,32.90832363150275,7.144234940397863e-08
hydric_stress_risk,Estres Hidrico,idx_gobernanza,Gobernanza (idx 0-1),Riesgo Climatico,1646.0153440465583,1663.8923453137413,1646.0778440465583,-819.0076720232792,0.15738796431572938,0.03510661143164244,7.355155517262739e-06,0.1281082795378878,0.28005235950865537,645,True,micro_only,1646.0153440465583,1648.0153440465583,1648.0153440465583,42.53390100579145,5.804811997213104e-10
